asset,policy_id,asset_name,quantity,name,description,ticker
e4214b7cce62ac6fbba385d164df48e157eae5863521b4b67ca71d86407d775a5fbf16eea7d6913f2415d40f12ee46991962cb06b59e0d39de3bc2d4,e4214b7cce62ac6fbba385d164df48e157eae5863521b4b67ca71d86,407d775a5fbf16eea7d6913f2415d40f12ee46991962cb06b59e0d39de3bc2d4,5383927,,,
0be55d262b29f564998ff81efe21bdc0022621c12f15af08d0f2ddb1ff24330f3ed45bd1285212d74688b05176982f75052df56a37d69acaeb7b3184,0be55d262b29f564998ff81efe21bdc0022621c12f15af08d0f2ddb1,ff24330f3ed45bd1285212d74688b05176982f75052df56a37d69acaeb7b3184,1,,,
4521d04f91d098d07195696b9511d3c6d1e0202da6787a4e5b26a05a6444,4521d04f91d098d07195696b9511d3c6d1e0202da6787a4e5b26a05a,6444,1000000000000,,,
fa5023c35afd24afacc566477fc8eb1adc990d1fa61c0dda40d04173534e454b424c5545,fa5023c35afd24afacc566477fc8eb1adc990d1fa61c0dda40d04173,534e454b424c5545,76420690000,,,
b34b3ea80060ace9427bda98690a73d33840e27aaa8d6edb7f0c757a634e455441,b34b3ea80060ace9427bda98690a73d33840e27aaa8d6edb7f0c757a,634e455441,1000000000,,,
0be55d262b29f564998ff81efe21bdc0022621c12f15af08d0f2ddb11bfbf531056871c58022c2fce1baf8b73ed6640c1defc6d45f4868521b1993d3,0be55d262b29f564998ff81efe21bdc0022621c12f15af08d0f2ddb1,1bfbf531056871c58022c2fce1baf8b73ed6640c1defc6d45f4868521b1993d3,1,,,
0be55d262b29f564998ff81efe21bdc0022621c12f15af08d0f2ddb17bd5a1d711d198ccec9de779fa8588089e32747a793d7fa70b7889f1ef9a551f,0be55d262b29f564998ff81efe21bdc0022621c12f15af08d0f2ddb1,7bd5a1d711d198ccec9de779fa8588089e32747a793d7fa70b7889f1ef9a551f,1,,,
0be55d262b29f564998ff81efe21bdc0022621c12f15af08d0f2ddb117c99896a14472eee44eb2fd8e5fea35dc053b2416a5597295fab9fb6f196412,0be55d262b29f564998ff81efe21bdc0022621c12f15af08d0f2ddb1,17c99896a14472eee44eb2fd8e5fea35dc053b2416a5597295fab9fb6f196412,1,,,
e4214b7cce62ac6fbba385d164df48e157eae5863521b4b67ca71d8637416285b29619a2840832cd61bbaceaaf75789a36241f8bc3208aeb23b37c1c,e4214b7cce62ac6fbba385d164df48e157eae5863521b4b67ca71d86,37416285b29619a2840832cd61bbaceaaf75789a36241f8bc3208aeb23b37c1c,5548235110,,,
64affc1497d0e4a8f22c18a74cd51af2a048dcb9547c1e43da4a38f2435237434f434b,64affc1497d0e4a8f22c18a74cd51af2a048dcb9547c1e43da4a38f2,435237434f434b,1000000,,,
0be55d262b29f564998ff81efe21bdc0022621c12f15af08d0f2ddb13171830522803754e50eaa20edb3b25fd5ec379745968f9ca440324ce38f4312,0be55d262b29f564998ff81efe21bdc0022621c12f15af08d0f2ddb1,3171830522803754e50eaa20edb3b25fd5ec379745968f9ca440324ce38f4312,1,,,
dda5fdb1002f7389b33e036b6afee82a8189becb6cba852e8b79b4fb0014df1047454e53,dda5fdb1002f7389b33e036b6afee82a8189becb6cba852e8b79b4fb,0014df1047454e53,100000000000000,,,
e4214b7cce62ac6fbba385d164df48e157eae5863521b4b67ca71d86dfe1be4e42a1cf6a8f5648e904bef0b4b11ee8ca4131521b5256856ef34e3486,e4214b7cce62ac6fbba385d164df48e157eae5863521b4b67ca71d86,dfe1be4e42a1cf6a8f5648e904bef0b4b11ee8ca4131521b5256856ef34e3486,1893784882114,,,
95b1962fbb6c42c1a16a3ac60459806e7ee7dba4f845e4498082524f4e474d49,95b1962fbb6c42c1a16a3ac60459806e7ee7dba4f845e4498082524f,4e474d49,69000000000,,,
0be55d262b29f564998ff81efe21bdc0022621c12f15af08d0f2ddb1a465ba9ce58276addfb82f2bffa570ef1113dc659140a77146a7d669c8e205ba,0be55d262b29f564998ff81efe21bdc0022621c12f15af08d0f2ddb1,a465ba9ce58276addfb82f2bffa570ef1113dc659140a77146a7d669c8e205ba,1,,,
e4214b7cce62ac6fbba385d164df48e157eae5863521b4b67ca71d86d428a6049c734eb67232478b3fcd0242d5d9e2e420f6b68ce1f6c47df280e460,e4214b7cce62ac6fbba385d164df48e157eae5863521b4b67ca71d86,d428a6049c734eb67232478b3fcd0242d5d9e2e420f6b68ce1f6c47df280e460,589287,,,
fbae99b8679369079a7f6f0da14a2cf1c2d6bfd3afdf3a96a64ab67a0014df1047454e5358,fbae99b8679369079a7f6f0da14a2cf1c2d6bfd3afdf3a96a64ab67a,0014df1047454e5358,1000000000000000,,,
7f0e7acbe73d7777e89bd22ae1a24ad4583ed31042c56b0dcc709af85241494e424f57,7f0e7acbe73d7777e89bd22ae1a24ad4583ed31042c56b0dcc709af8,5241494e424f57,5000000000000,,,
e4214b7cce62ac6fbba385d164df48e157eae5863521b4b67ca71d86a90d0b0d6584601e1fcef2de29b2712c0b231fcc3d36cff2dfc5512e18678431,e4214b7cce62ac6fbba385d164df48e157eae5863521b4b67ca71d86,a90d0b0d6584601e1fcef2de29b2712c0b231fcc3d36cff2dfc5512e18678431,120281041,,,
0be55d262b29f564998ff81efe21bdc0022621c12f15af08d0f2ddb1b51400a8fd24ee7bd609865936bd971f4771f1e9510ba4f168a92ce30bf9c0d5,0be55d262b29f564998ff81efe21bdc0022621c12f15af08d0f2ddb1,b51400a8fd24ee7bd609865936bd971f4771f1e9510ba4f168a92ce30bf9c0d5,1,,,
e4214b7cce62ac6fbba385d164df48e157eae5863521b4b67ca71d869f692349af450e68e02abb291e3bcabe42251029498dd0482d8b6b0a740a40d8,e4214b7cce62ac6fbba385d164df48e157eae5863521b4b67ca71d86,9f692349af450e68e02abb291e3bcabe42251029498dd0482d8b6b0a740a40d8,1334786280837,,,
e4214b7cce62ac6fbba385d164df48e157eae5863521b4b67ca71d86571cdbdfae07f098049b917007366cca8f2e0770a7b2bae5f7726f36849fbcb9,e4214b7cce62ac6fbba385d164df48e157eae5863521b4b67ca71d86,571cdbdfae07f098049b917007366cca8f2e0770a7b2bae5f7726f36849fbcb9,672208365430,,,
0be55d262b29f564998ff81efe21bdc0022621c12f15af08d0f2ddb124e1ab7ab6cb52a5cd6896611150124e9b2cce9b0cb0c29e519f2621f24074ca,0be55d262b29f564998ff81efe21bdc0022621c12f15af08d0f2ddb1,24e1ab7ab6cb52a5cd6896611150124e9b2cce9b0cb0c29e519f2621f24074ca,1,,,
0be55d262b29f564998ff81efe21bdc0022621c12f15af08d0f2ddb1e5eebae53ccfc5e02da13dca0b451f46fe50d6725323f8ecb273f192cc3a47ce,0be55d262b29f564998ff81efe21bdc0022621c12f15af08d0f2ddb1,e5eebae53ccfc5e02da13dca0b451f46fe50d6725323f8ecb273f192cc3a47ce,1,,,
1d7f33bd23d85e1a25d87d86fac4f199c3197a2f7afeb662a0f34e1e776f726c646d6f62696c65746f6b656e,1d7f33bd23d85e1a25d87d86fac4f199c3197a2f7afeb662a0f34e1e,776f726c646d6f62696c65746f6b656e,2000000000000000,,,
b6a7467ea1deb012808ef4e87b5ff371e85f7142d7b356a40d9b42a0436f726e75636f70696173205b76696120436861696e506f72742e696f5d,b6a7467ea1deb012808ef4e87b5ff371e85f7142d7b356a40d9b42a0,436f726e75636f70696173205b76696120436861696e506f72742e696f5d,341557474485886,,,
533bb94a8850ee3ccbe483106489399112b74c905342cb1792a797a0494e4459,533bb94a8850ee3ccbe483106489399112b74c905342cb1792a797a0,494e4459,35000000000000,,,
d914768d4d13ef37bca1a2a8409f3ffd7a138783421f6a984e52108d5748414c45,d914768d4d13ef37bca1a2a8409f3ffd7a138783421f6a984e52108d,5748414c45,10000000000,,,
e4214b7cce62ac6fbba385d164df48e157eae5863521b4b67ca71d86b3eb4290867e373d78ef1f2b88edd08f74eb48a70b45f5c293ea9779f215a0c2,e4214b7cce62ac6fbba385d164df48e157eae5863521b4b67ca71d86,b3eb4290867e373d78ef1f2b88edd08f74eb48a70b45f5c293ea9779f215a0c2,31283667142,,,
0be55d262b29f564998ff81efe21bdc0022621c12f15af08d0f2ddb139b9b709ac8605fc82116a2efc308181ba297c11950f0f350001e28f0e50868b,0be55d262b29f564998ff81efe21bdc0022621c12f15af08d0f2ddb1,39b9b709ac8605fc82116a2efc308181ba297c11950f0f350001e28f0e50868b,1,,,
e4214b7cce62ac6fbba385d164df48e157eae5863521b4b67ca71d86ee309ce6f254ab999ca8f787aa5bda124574669da647da26b74c22c2ff931409,e4214b7cce62ac6fbba385d164df48e157eae5863521b4b67ca71d86,ee309ce6f254ab999ca8f787aa5bda124574669da647da26b74c22c2ff931409,302886571,,,
e4214b7cce62ac6fbba385d164df48e157eae5863521b4b67ca71d86620719c204a0338059aad43b35332b9353216c719901c8ca9f726ae4ec313da5,e4214b7cce62ac6fbba385d164df48e157eae5863521b4b67ca71d86,620719c204a0338059aad43b35332b9353216c719901c8ca9f726ae4ec313da5,49634556474417,,,
ee0633e757fdd1423220f43688c74678abde1cead7ce265ba8a24fcd43424c50,ee0633e757fdd1423220f43688c74678abde1cead7ce265ba8a24fcd,43424c50,1000000000000000,,,
0be55d262b29f564998ff81efe21bdc0022621c12f15af08d0f2ddb167cf5032e607be9298c9be9b932d691f26e9fdbc676f30a8d9fa03bc419b48d0,0be55d262b29f564998ff81efe21bdc0022621c12f15af08d0f2ddb1,67cf5032e607be9298c9be9b932d691f26e9fdbc676f30a8d9fa03bc419b48d0,1,,,
dd4fafd2b80bfeab1f6699f39b564f71f34d374185868545514c292253414954414d41,dd4fafd2b80bfeab1f6699f39b564f71f34d374185868545514c2922,53414954414d41,100000000000,,,
5612bee388219c1b76fd527ed0fa5aa1d28652838bcab4ee4ee63197446973636f696e,5612bee388219c1b76fd527ed0fa5aa1d28652838bcab4ee4ee63197,446973636f696e,577777777700000000,,,
0be55d262b29f564998ff81efe21bdc0022621c12f15af08d0f2ddb1df88a770e300f248b776231b96da4525ce0f54bc457310efe27a03f2c14bb18f,0be55d262b29f564998ff81efe21bdc0022621c12f15af08d0f2ddb1,df88a770e300f248b776231b96da4525ce0f54bc457310efe27a03f2c14bb18f,1,,,
8fef2d34078659493ce161a6c7fba4b56afefa8535296a5743f6958741414441,8fef2d34078659493ce161a6c7fba4b56afefa8535296a5743f69587,41414441,29500000000000,,,
3cbb2431cbb99954e2a2d6bda793f8d9bffa0150dc37f89db6676a2c504f4f4c,3cbb2431cbb99954e2a2d6bda793f8d9bffa0150dc37f89db6676a2c,504f4f4c,1000000000,,,
e4214b7cce62ac6fbba385d164df48e157eae5863521b4b67ca71d86a465ba9ce58276addfb82f2bffa570ef1113dc659140a77146a7d669c8e205ba,e4214b7cce62ac6fbba385d164df48e157eae5863521b4b67ca71d86,a465ba9ce58276addfb82f2bffa570ef1113dc659140a77146a7d669c8e205ba,2980058868103,,,
13aa2accf2e1561723aa26871e071fdf32c867cff7e7d50ad470d62f4d494e53574150,13aa2accf2e1561723aa26871e071fdf32c867cff7e7d50ad470d62f,4d494e53574150,3382,,,
e4214b7cce62ac6fbba385d164df48e157eae5863521b4b67ca71d86e9c9d9fd709411917202dbfdbf8d0a971c88e8dd2cc471baed49fa4c70a8ea2c,e4214b7cce62ac6fbba385d164df48e157eae5863521b4b67ca71d86,e9c9d9fd709411917202dbfdbf8d0a971c88e8dd2cc471baed49fa4c70a8ea2c,425871,,,
0be55d262b29f564998ff81efe21bdc0022621c12f15af08d0f2ddb169e472870f9610906438810ac0f1e1a3cef116d52b64d893bacb610fd116e2df,0be55d262b29f564998ff81efe21bdc0022621c12f15af08d0f2ddb1,69e472870f9610906438810ac0f1e1a3cef116d52b64d893bacb610fd116e2df,1,,,
0be55d262b29f564998ff81efe21bdc0022621c12f15af08d0f2ddb100cf5d6dd4ba7e5b5fac3e45b415a2f53a0c56cb64a5d4b54ce942670ac05b41,0be55d262b29f564998ff81efe21bdc0022621c12f15af08d0f2ddb1,00cf5d6dd4ba7e5b5fac3e45b415a2f53a0c56cb64a5d4b54ce942670ac05b41,1,,,
0be55d262b29f564998ff81efe21bdc0022621c12f15af08d0f2ddb1d98f88f79d46360928c65e093a956233d065f2c1fa78568298011b0e0caa11d5,0be55d262b29f564998ff81efe21bdc0022621c12f15af08d0f2ddb1,d98f88f79d46360928c65e093a956233d065f2c1fa78568298011b0e0caa11d5,1,,,
e4214b7cce62ac6fbba385d164df48e157eae5863521b4b67ca71d861bfbf531056871c58022c2fce1baf8b73ed6640c1defc6d45f4868521b1993d3,e4214b7cce62ac6fbba385d164df48e157eae5863521b4b67ca71d86,1bfbf531056871c58022c2fce1baf8b73ed6640c1defc6d45f4868521b1993d3,3000328,,,
0be55d262b29f564998ff81efe21bdc0022621c12f15af08d0f2ddb1634453b0f347546654a8d6a16611f8686ceab0a3515c331c047c08fef050f628,0be55d262b29f564998ff81efe21bdc0022621c12f15af08d0f2ddb1,634453b0f347546654a8d6a16611f8686ceab0a3515c331c047c08fef050f628,1,,,
5a297aeb79ba4281a153b43f4ff0ed25bc88b7ddc8ba5261b01baec45552474f,5a297aeb79ba4281a153b43f4ff0ed25bc88b7ddc8ba5261b01baec4,5552474f,2000000000,,,
0be55d262b29f564998ff81efe21bdc0022621c12f15af08d0f2ddb1bdfd144032f09ad980b8d205fef0737c2232b4e90a5d34cc814d0ef687052400,0be55d262b29f564998ff81efe21bdc0022621c12f15af08d0f2ddb1,bdfd144032f09ad980b8d205fef0737c2232b4e90a5d34cc814d0ef687052400,1,,,
ffb1abe9fe93ee9f13874403a3d4f8addaa65fbf22d5d7f41c087d8e4d5554414e54,ffb1abe9fe93ee9f13874403a3d4f8addaa65fbf22d5d7f41c087d8e,4d5554414e54,40000000,,,
e4214b7cce62ac6fbba385d164df48e157eae5863521b4b67ca71d86c2dd32c8e1339fb458a172a9e855871a06314644bc33b596d85cf920962e7acd,e4214b7cce62ac6fbba385d164df48e157eae5863521b4b67ca71d86,c2dd32c8e1339fb458a172a9e855871a06314644bc33b596d85cf920962e7acd,529544398,,,
0be55d262b29f564998ff81efe21bdc0022621c12f15af08d0f2ddb1e798a383e2cc6249c67a0fdaa74cc42bb10184593ecd4bc43aa367d105408e8e,0be55d262b29f564998ff81efe21bdc0022621c12f15af08d0f2ddb1,e798a383e2cc6249c67a0fdaa74cc42bb10184593ecd4bc43aa367d105408e8e,1,,,
1774343241680e4daef7cbfe3536fc857ce23fb66cd0b66320b2e3dd4249534f4e,1774343241680e4daef7cbfe3536fc857ce23fb66cd0b66320b2e3dd,4249534f4e,1000000000000000,,,
0be55d262b29f564998ff81efe21bdc0022621c12f15af08d0f2ddb1620719c204a0338059aad43b35332b9353216c719901c8ca9f726ae4ec313da5,0be55d262b29f564998ff81efe21bdc0022621c12f15af08d0f2ddb1,620719c204a0338059aad43b35332b9353216c719901c8ca9f726ae4ec313da5,1,,,
f7b69a06c4213f3fbcf6c9cbf20b8d6acbc89ff05269a5a56bd04cf343484144,f7b69a06c4213f3fbcf6c9cbf20b8d6acbc89ff05269a5a56bd04cf3,43484144,100000000000,,,
0be55d262b29f564998ff81efe21bdc0022621c12f15af08d0f2ddb1c80187f67d1ba761d785cc52a72e25c678f45484739212485f28fa3be62be2ab,0be55d262b29f564998ff81efe21bdc0022621c12f15af08d0f2ddb1,c80187f67d1ba761d785cc52a72e25c678f45484739212485f28fa3be62be2ab,1,,,
5d16cc1a177b5d9ba9cfa9793b07e60f1fb70fea1f8aef064415d114494147,5d16cc1a177b5d9ba9cfa9793b07e60f1fb70fea1f8aef064415d114,494147,1000000000000000,,,
0be55d262b29f564998ff81efe21bdc0022621c12f15af08d0f2ddb1b3eb4290867e373d78ef1f2b88edd08f74eb48a70b45f5c293ea9779f215a0c2,0be55d262b29f564998ff81efe21bdc0022621c12f15af08d0f2ddb1,b3eb4290867e373d78ef1f2b88edd08f74eb48a70b45f5c293ea9779f215a0c2,1,,,
279c909f348e533da5808898f87f9a14bb2c3dfbbacccd631d927a3f534e454b,279c909f348e533da5808898f87f9a14bb2c3dfbbacccd631d927a3f,534e454b,76715880000,,,
e4214b7cce62ac6fbba385d164df48e157eae5863521b4b67ca71d8667cf5032e607be9298c9be9b932d691f26e9fdbc676f30a8d9fa03bc419b48d0,e4214b7cce62ac6fbba385d164df48e157eae5863521b4b67ca71d86,67cf5032e607be9298c9be9b932d691f26e9fdbc676f30a8d9fa03bc419b48d0,780680703864,,,
0be55d262b29f564998ff81efe21bdc0022621c12f15af08d0f2ddb17925263b1aff069a191db67d5ac185c029f7f43e084a4ef6e5fa2848a56e2aa6,0be55d262b29f564998ff81efe21bdc0022621c12f15af08d0f2ddb1,7925263b1aff069a191db67d5ac185c029f7f43e084a4ef6e5fa2848a56e2aa6,1,,,
0be55d262b29f564998ff81efe21bdc0022621c12f15af08d0f2ddb1a90d0b0d6584601e1fcef2de29b2712c0b231fcc3d36cff2dfc5512e18678431,0be55d262b29f564998ff81efe21bdc0022621c12f15af08d0f2ddb1,a90d0b0d6584601e1fcef2de29b2712c0b231fcc3d36cff2dfc5512e18678431,1,,,
ad1c1ed3a0bb6f83630ef052a31b71ba3287bf4bafa8370758f14d315349434b,ad1c1ed3a0bb6f83630ef052a31b71ba3287bf4bafa8370758f14d31,5349434b,800000000000,,,
0be55d262b29f564998ff81efe21bdc0022621c12f15af08d0f2ddb1e1fbd7cc708b6b11673270b8ee4573661160c08ae6d1efbc17ebe766266b2e94,0be55d262b29f564998ff81efe21bdc0022621c12f15af08d0f2ddb1,e1fbd7cc708b6b11673270b8ee4573661160c08ae6d1efbc17ebe766266b2e94,1,,,
0be55d262b29f564998ff81efe21bdc0022621c12f15af08d0f2ddb137416285b29619a2840832cd61bbaceaaf75789a36241f8bc3208aeb23b37c1c,0be55d262b29f564998ff81efe21bdc0022621c12f15af08d0f2ddb1,37416285b29619a2840832cd61bbaceaaf75789a36241f8bc3208aeb23b37c1c,1,,,
0be55d262b29f564998ff81efe21bdc0022621c12f15af08d0f2ddb1dfe1be4e42a1cf6a8f5648e904bef0b4b11ee8ca4131521b5256856ef34e3486,0be55d262b29f564998ff81efe21bdc0022621c12f15af08d0f2ddb1,dfe1be4e42a1cf6a8f5648e904bef0b4b11ee8ca4131521b5256856ef34e3486,1,,,
0be55d262b29f564998ff81efe21bdc0022621c12f15af08d0f2ddb1eeffe8cd32398e38289cc2667380a75dc0a30a279d8dd80131018024d80a365d,0be55d262b29f564998ff81efe21bdc0022621c12f15af08d0f2ddb1,eeffe8cd32398e38289cc2667380a75dc0a30a279d8dd80131018024d80a365d,1,,,
e4214b7cce62ac6fbba385d164df48e157eae5863521b4b67ca71d86c80187f67d1ba761d785cc52a72e25c678f45484739212485f28fa3be62be2ab,e4214b7cce62ac6fbba385d164df48e157eae5863521b4b67ca71d86,c80187f67d1ba761d785cc52a72e25c678f45484739212485f28fa3be62be2ab,56640963,,,
0be55d262b29f564998ff81efe21bdc0022621c12f15af08d0f2ddb19f692349af450e68e02abb291e3bcabe42251029498dd0482d8b6b0a740a40d8,0be55d262b29f564998ff81efe21bdc0022621c12f15af08d0f2ddb1,9f692349af450e68e02abb291e3bcabe42251029498dd0482d8b6b0a740a40d8,1,,,
0be55d262b29f564998ff81efe21bdc0022621c12f15af08d0f2ddb14705d99a4cf6bce9181e60fdbbf961edf6acad7141ed69186c8a8883600e59c5,0be55d262b29f564998ff81efe21bdc0022621c12f15af08d0f2ddb1,4705d99a4cf6bce9181e60fdbbf961edf6acad7141ed69186c8a8883600e59c5,1,,,
0be55d262b29f564998ff81efe21bdc0022621c12f15af08d0f2ddb1d428a6049c734eb67232478b3fcd0242d5d9e2e420f6b68ce1f6c47df280e460,0be55d262b29f564998ff81efe21bdc0022621c12f15af08d0f2ddb1,d428a6049c734eb67232478b3fcd0242d5d9e2e420f6b68ce1f6c47df280e460,1,,,
e4214b7cce62ac6fbba385d164df48e157eae5863521b4b67ca71d86e1fbd7cc708b6b11673270b8ee4573661160c08ae6d1efbc17ebe766266b2e94,e4214b7cce62ac6fbba385d164df48e157eae5863521b4b67ca71d86,e1fbd7cc708b6b11673270b8ee4573661160c08ae6d1efbc17ebe766266b2e94,269567266,,,
e4214b7cce62ac6fbba385d164df48e157eae5863521b4b67ca71d867bd5a1d711d198ccec9de779fa8588089e32747a793d7fa70b7889f1ef9a551f,e4214b7cce62ac6fbba385d164df48e157eae5863521b4b67ca71d86,7bd5a1d711d198ccec9de779fa8588089e32747a793d7fa70b7889f1ef9a551f,2158056,,,
df72f38bbe15ec5e6d7a51557c5cda34619c70f19273175c09027c7d4a4f4b4552,df72f38bbe15ec5e6d7a51557c5cda34619c70f19273175c09027c7d,4a4f4b4552,100000000000,,,
e4214b7cce62ac6fbba385d164df48e157eae5863521b4b67ca71d8699ae755b404162f5aa299625ad5a513472d94218ba11e0b2cf2b5451851ede5a,e4214b7cce62ac6fbba385d164df48e157eae5863521b4b67ca71d86,99ae755b404162f5aa299625ad5a513472d94218ba11e0b2cf2b5451851ede5a,3701747941,,,
0be55d262b29f564998ff81efe21bdc0022621c12f15af08d0f2ddb12324756b8e7e74da8feb879e2f053789363d045e554eaa17d365d1b52f4a9f8c,0be55d262b29f564998ff81efe21bdc0022621c12f15af08d0f2ddb1,2324756b8e7e74da8feb879e2f053789363d045e554eaa17d365d1b52f4a9f8c,1,,,
f66d78b4a3cb3d37afa0ec36461e51ecbde00f26c8f0a68f94b6988069425443,f66d78b4a3cb3d37afa0ec36461e51ecbde00f26c8f0a68f94b69880,69425443,137091062,,,
e4214b7cce62ac6fbba385d164df48e157eae5863521b4b67ca71d8600cf5d6dd4ba7e5b5fac3e45b415a2f53a0c56cb64a5d4b54ce942670ac05b41,e4214b7cce62ac6fbba385d164df48e157eae5863521b4b67ca71d86,00cf5d6dd4ba7e5b5fac3e45b415a2f53a0c56cb64a5d4b54ce942670ac05b41,1600641574,,,
e4214b7cce62ac6fbba385d164df48e157eae5863521b4b67ca71d86b71a82e82cff7a8a3b9b323c405d842015730bf937d5dbf34c4670182be5e03e,e4214b7cce62ac6fbba385d164df48e157eae5863521b4b67ca71d86,b71a82e82cff7a8a3b9b323c405d842015730bf937d5dbf34c4670182be5e03e,28068409509614,,,
f66d78b4a3cb3d37afa0ec36461e51ecbde00f26c8f0a68f94b6988069555344,f66d78b4a3cb3d37afa0ec36461e51ecbde00f26c8f0a68f94b69880,69555344,11150855253558,,,
25f0fc240e91bd95dcdaebd2ba7713fc5168ac77234a3d79449fc20c534f4349455459,25f0fc240e91bd95dcdaebd2ba7713fc5168ac77234a3d79449fc20c,534f4349455459,700000000000000,,,
0be55d262b29f564998ff81efe21bdc0022621c12f15af08d0f2ddb199ae755b404162f5aa299625ad5a513472d94218ba11e0b2cf2b5451851ede5a,0be55d262b29f564998ff81efe21bdc0022621c12f15af08d0f2ddb1,99ae755b404162f5aa299625ad5a513472d94218ba11e0b2cf2b5451851ede5a,1,,,
2b28c81dbba6d67e4b5a997c6be1212cba9d60d33f82444ab8b1f21842414e4b,2b28c81dbba6d67e4b5a997c6be1212cba9d60d33f82444ab8b1f218,42414e4b,2500000000000,,,
0be55d262b29f564998ff81efe21bdc0022621c12f15af08d0f2ddb1407d775a5fbf16eea7d6913f2415d40f12ee46991962cb06b59e0d39de3bc2d4,0be55d262b29f564998ff81efe21bdc0022621c12f15af08d0f2ddb1,407d775a5fbf16eea7d6913f2415d40f12ee46991962cb06b59e0d39de3bc2d4,1,,,
0be55d262b29f564998ff81efe21bdc0022621c12f15af08d0f2ddb18e0b05a61f456c9312622572bb679dfee5bedfa9f954a7ce57eae7c1be935473,0be55d262b29f564998ff81efe21bdc0022621c12f15af08d0f2ddb1,8e0b05a61f456c9312622572bb679dfee5bedfa9f954a7ce57eae7c1be935473,1,,,
0be55d262b29f564998ff81efe21bdc0022621c12f15af08d0f2ddb16c81527fb72474c3491077757edaffdafd8b26e836380b6ab4708e28744e391f,0be55d262b29f564998ff81efe21bdc0022621c12f15af08d0f2ddb1,6c81527fb72474c3491077757edaffdafd8b26e836380b6ab4708e28744e391f,1,,,
0be55d262b29f564998ff81efe21bdc0022621c12f15af08d0f2ddb1ee309ce6f254ab999ca8f787aa5bda124574669da647da26b74c22c2ff931409,0be55d262b29f564998ff81efe21bdc0022621c12f15af08d0f2ddb1,ee309ce6f254ab999ca8f787aa5bda124574669da647da26b74c22c2ff931409,1,,,
6954264b15bc92d6d592febeac84f14645e1ed46ca5ebb9acdb5c15f5354524950,6954264b15bc92d6d592febeac84f14645e1ed46ca5ebb9acdb5c15f,5354524950,69000000000,,,
0be55d262b29f564998ff81efe21bdc0022621c12f15af08d0f2ddb15108ad5e85f1fbabc91ac5a057f0d56595ed4bdb052dd94feaca98a8bf4d4b0b,0be55d262b29f564998ff81efe21bdc0022621c12f15af08d0f2ddb1,5108ad5e85f1fbabc91ac5a057f0d56595ed4bdb052dd94feaca98a8bf4d4b0b,1,,,
0be55d262b29f564998ff81efe21bdc0022621c12f15af08d0f2ddb133e3fda999087a35e6d6eac62402bbf25bcf63ae421b417ee968c664d66e8026,0be55d262b29f564998ff81efe21bdc0022621c12f15af08d0f2ddb1,33e3fda999087a35e6d6eac62402bbf25bcf63ae421b417ee968c664d66e8026,1,,,
9f452e23804df3040b352b478039357b506ad3b50d2ce0d7cbd5f806435456,9f452e23804df3040b352b478039357b506ad3b50d2ce0d7cbd5f806,435456,100000000,,,
0be55d262b29f564998ff81efe21bdc0022621c12f15af08d0f2ddb1c2dd32c8e1339fb458a172a9e855871a06314644bc33b596d85cf920962e7acd,0be55d262b29f564998ff81efe21bdc0022621c12f15af08d0f2ddb1,c2dd32c8e1339fb458a172a9e855871a06314644bc33b596d85cf920962e7acd,1,,,
9abf0afd2f236a19f2842d502d0450cbcd9c79f123a9708f96fd9b96454e4353,9abf0afd2f236a19f2842d502d0450cbcd9c79f123a9708f96fd9b96,454e4353,15000000000000,,,
4cf268bd648f088ac9901bfa5a43f49610f7bdcae3a6eedc5e201fc3434f434f,4cf268bd648f088ac9901bfa5a43f49610f7bdcae3a6eedc5e201fc3,434f434f,1000000000,,,
cc8d1b026353022abbfcc2e1e71159f9e308d9c6e905ac1db24c7fb650617269627573,cc8d1b026353022abbfcc2e1e71159f9e308d9c6e905ac1db24c7fb6,50617269627573,10000000000000000,,,
0be55d262b29f564998ff81efe21bdc0022621c12f15af08d0f2ddb1b71a82e82cff7a8a3b9b323c405d842015730bf937d5dbf34c4670182be5e03e,0be55d262b29f564998ff81efe21bdc0022621c12f15af08d0f2ddb1,b71a82e82cff7a8a3b9b323c405d842015730bf937d5dbf34c4670182be5e03e,1,,,
0be55d262b29f564998ff81efe21bdc0022621c12f15af08d0f2ddb1571cdbdfae07f098049b917007366cca8f2e0770a7b2bae5f7726f36849fbcb9,0be55d262b29f564998ff81efe21bdc0022621c12f15af08d0f2ddb1,571cdbdfae07f098049b917007366cca8f2e0770a7b2bae5f7726f36849fbcb9,1,,,
d53e02adf331e004d3ccd7335b017beae3a368c838f4996cee98466d4c4f4e474e414d45544f4b454e,d53e02adf331e004d3ccd7335b017beae3a368c838f4996cee98466d,4c4f4e474e414d45544f4b454e,32112312312312320,,,
e4214b7cce62ac6fbba385d164df48e157eae5863521b4b67ca71d867925263b1aff069a191db67d5ac185c029f7f43e084a4ef6e5fa2848a56e2aa6,e4214b7cce62ac6fbba385d164df48e157eae5863521b4b67ca71d86,7925263b1aff069a191db67d5ac185c029f7f43e084a4ef6e5fa2848a56e2aa6,3472002879129,,,
e4214b7cce62ac6fbba385d164df48e157eae5863521b4b67ca71d8624e1ab7ab6cb52a5cd6896611150124e9b2cce9b0cb0c29e519f2621f24074ca,e4214b7cce62ac6fbba385d164df48e157eae5863521b4b67ca71d86,24e1ab7ab6cb52a5cd6896611150124e9b2cce9b0cb0c29e519f2621f24074ca,46281295,,,
873557cfc93f16121ef5102e33476b36e2e3c6711f06a641ad14980b41515541,873557cfc93f16121ef5102e33476b36e2e3c6711f06a641ad14980b,41515541,3500000000,,,
f43a62fdc3965df486de8a0d32fe800963589c41b38946602a0dc53541474958,f43a62fdc3965df486de8a0d32fe800963589c41b38946602a0dc535,41474958,19331237655540476,,,
e4214b7cce62ac6fbba385d164df48e157eae5863521b4b67ca71d862ae01189d7a9e539f05f2f6daa803ddcffff95ef9130215f483189866a643ec6,e4214b7cce62ac6fbba385d164df48e157eae5863521b4b67ca71d86,2ae01189d7a9e539f05f2f6daa803ddcffff95ef9130215f483189866a643ec6,3765014703319,,,
e4214b7cce62ac6fbba385d164df48e157eae5863521b4b67ca71d8639b9b709ac8605fc82116a2efc308181ba297c11950f0f350001e28f0e50868b,e4214b7cce62ac6fbba385d164df48e157eae5863521b4b67ca71d86,39b9b709ac8605fc82116a2efc308181ba297c11950f0f350001e28f0e50868b,1307573736374,,,
2e57ef6b3f42a242c4c62d8134484eed4e3814658243b2c31232fd0c474d46414d,2e57ef6b3f42a242c4c62d8134484eed4e3814658243b2c31232fd0c,474d46414d,10000000000,,,
75fcc276057db5fc48eae0e11453c773c8a54604c3086bf9d95ac1b743485259,75fcc276057db5fc48eae0e11453c773c8a54604c3086bf9d95ac1b7,43485259,88000000000000,,,
0be55d262b29f564998ff81efe21bdc0022621c12f15af08d0f2ddb1e9c9d9fd709411917202dbfdbf8d0a971c88e8dd2cc471baed49fa4c70a8ea2c,0be55d262b29f564998ff81efe21bdc0022621c12f15af08d0f2ddb1,e9c9d9fd709411917202dbfdbf8d0a971c88e8dd2cc471baed49fa4c70a8ea2c,1,,,
0be55d262b29f564998ff81efe21bdc0022621c12f15af08d0f2ddb1a40ea1b54b348b703f9b2b7be175fac7dda1353284799e959e707e9029d4909a,0be55d262b29f564998ff81efe21bdc0022621c12f15af08d0f2ddb1,a40ea1b54b348b703f9b2b7be175fac7dda1353284799e959e707e9029d4909a,1,,,
682fe60c9918842b3323c43b5144bc3d52a23bd2fb81345560d73f634e45574d,682fe60c9918842b3323c43b5144bc3d52a23bd2fb81345560d73f63,4e45574d,9735033900000000,,,
e4214b7cce62ac6fbba385d164df48e157eae5863521b4b67ca71d86bdfd144032f09ad980b8d205fef0737c2232b4e90a5d34cc814d0ef687052400,e4214b7cce62ac6fbba385d164df48e157eae5863521b4b67ca71d86,bdfd144032f09ad980b8d205fef0737c2232b4e90a5d34cc814d0ef687052400,1727418399415,,,
e4214b7cce62ac6fbba385d164df48e157eae5863521b4b67ca71d863171830522803754e50eaa20edb3b25fd5ec379745968f9ca440324ce38f4312,e4214b7cce62ac6fbba385d164df48e157eae5863521b4b67ca71d86,3171830522803754e50eaa20edb3b25fd5ec379745968f9ca440324ce38f4312,16896355367,,,
f8b06cad0a0b068aeac9775ec3692a799c03b48c852ba2d86cc1960e53435245414d,f8b06cad0a0b068aeac9775ec3692a799c03b48c852ba2d86cc1960e,53435245414d,100000000000,,,
6468f1dc93ba568e9394eef9ee219d8cfc308cb71ba2c55dfeda43ef43756d73686f74,6468f1dc93ba568e9394eef9ee219d8cfc308cb71ba2c55dfeda43ef,43756d73686f74,10000000000,,,
2d92af60ee429bce238d3fd9f2531b45457301d74dad1bcf3f9d1dca564e4d,2d92af60ee429bce238d3fd9f2531b45457301d74dad1bcf3f9d1dca,564e4d,1500000000000,,,
f5dcc01ed1ef6a40dd97a93d2e373a70477da8928b86cab9bccd0f8e44494c,f5dcc01ed1ef6a40dd97a93d2e373a70477da8928b86cab9bccd0f8e,44494c,10000000000,,,
e4214b7cce62ac6fbba385d164df48e157eae5863521b4b67ca71d864705d99a4cf6bce9181e60fdbbf961edf6acad7141ed69186c8a8883600e59c5,e4214b7cce62ac6fbba385d164df48e157eae5863521b4b67ca71d86,4705d99a4cf6bce9181e60fdbbf961edf6acad7141ed69186c8a8883600e59c5,148138189081,,,
e4214b7cce62ac6fbba385d164df48e157eae5863521b4b67ca71d86e5eebae53ccfc5e02da13dca0b451f46fe50d6725323f8ecb273f192cc3a47ce,e4214b7cce62ac6fbba385d164df48e157eae5863521b4b67ca71d86,e5eebae53ccfc5e02da13dca0b451f46fe50d6725323f8ecb273f192cc3a47ce,8498431,,,
0be55d262b29f564998ff81efe21bdc0022621c12f15af08d0f2ddb1b2ef8969ccaf2f9c5147fa6d6cc1fc2e081a6fa1f77bb00cb738310681cfab45,0be55d262b29f564998ff81efe21bdc0022621c12f15af08d0f2ddb1,b2ef8969ccaf2f9c5147fa6d6cc1fc2e081a6fa1f77bb00cb738310681cfab45,1,,,
0be55d262b29f564998ff81efe21bdc0022621c12f15af08d0f2ddb12ae01189d7a9e539f05f2f6daa803ddcffff95ef9130215f483189866a643ec6,0be55d262b29f564998ff81efe21bdc0022621c12f15af08d0f2ddb1,2ae01189d7a9e539f05f2f6daa803ddcffff95ef9130215f483189866a643ec6,1,,,
0be55d262b29f564998ff81efe21bdc0022621c12f15af08d0f2ddb1d9c5b722e116bca513300f9022330635c1eca21e5697a4367371cae893d7ea2d,0be55d262b29f564998ff81efe21bdc0022621c12f15af08d0f2ddb1,d9c5b722e116bca513300f9022330635c1eca21e5697a4367371cae893d7ea2d,1,,,
0be55d262b29f564998ff81efe21bdc0022621c12f15af08d0f2ddb1493cc3e6fdeeb29e1677524dcd6d6b1ecae0c5553558e53e4312e8d01bc9a688,0be55d262b29f564998ff81efe21bdc0022621c12f15af08d0f2ddb1,493cc3e6fdeeb29e1677524dcd6d6b1ecae0c5553558e53e4312e8d01bc9a688,1,,,
0be55d262b29f564998ff81efe21bdc0022621c12f15af08d0f2ddb163f2cbfa5bf8b68828839a2575c8c70f14a32f50ebbfa7c654043269793be896,0be55d262b29f564998ff81efe21bdc0022621c12f15af08d0f2ddb1,63f2cbfa5bf8b68828839a2575c8c70f14a32f50ebbfa7c654043269793be896,1,,,
804f5544c1962a40546827cab750a88404dc7108c0f588b72964754f56594649,804f5544c1962a40546827cab750a88404dc7108c0f588b72964754f,56594649,450000000000000,,,
33d6a706e4c47303c6c5d85770235cb1d32a593cc7983eb1937e3e0d4d4f4e4559,33d6a706e4c47303c6c5d85770235cb1d32a593cc7983eb1937e3e0d,4d4f4e4559,420000000000,,,
e4214b7cce62ac6fbba385d164df48e157eae5863521b4b67ca71d86b51400a8fd24ee7bd609865936bd971f4771f1e9510ba4f168a92ce30bf9c0d5,e4214b7cce62ac6fbba385d164df48e157eae5863521b4b67ca71d86,b51400a8fd24ee7bd609865936bd971f4771f1e9510ba4f168a92ce30bf9c0d5,86660778,,,
0be55d262b29f564998ff81efe21bdc0022621c12f15af08d0f2ddb18fde43a3f0b9f0e6f63bec7335e0b855c6b62a4dc51f1b762ccb6dfbbafcfe47,0be55d262b29f564998ff81efe21bdc0022621c12f15af08d0f2ddb1,8fde43a3f0b9f0e6f63bec7335e0b855c6b62a4dc51f1b762ccb6dfbbafcfe47,1,,,
faf9889f47c0b39177a7e07fe71ee5f5037beb01dcec3d4f2daae586456c657661746f72204c616273,faf9889f47c0b39177a7e07fe71ee5f5037beb01dcec3d4f2daae586,456c657661746f72204c616273,1000000000000,,,
e4214b7cce62ac6fbba385d164df48e157eae5863521b4b67ca71d8669e472870f9610906438810ac0f1e1a3cef116d52b64d893bacb610fd116e2df,e4214b7cce62ac6fbba385d164df48e157eae5863521b4b67ca71d86,69e472870f9610906438810ac0f1e1a3cef116d52b64d893bacb610fd116e2df,626164614877,,,
e4214b7cce62ac6fbba385d164df48e157eae5863521b4b67ca71d862324756b8e7e74da8feb879e2f053789363d045e554eaa17d365d1b52f4a9f8c,e4214b7cce62ac6fbba385d164df48e157eae5863521b4b67ca71d86,2324756b8e7e74da8feb879e2f053789363d045e554eaa17d365d1b52f4a9f8c,223102862408,,,
e4214b7cce62ac6fbba385d164df48e157eae5863521b4b67ca71d8663f2cbfa5bf8b68828839a2575c8c70f14a32f50ebbfa7c654043269793be896,e4214b7cce62ac6fbba385d164df48e157eae5863521b4b67ca71d86,63f2cbfa5bf8b68828839a2575c8c70f14a32f50ebbfa7c654043269793be896,77944853011,,,
2f2e0404310c106e2a260e8eb5a7e43f00cff42c667489d30e17981631363932303832383030303030,2f2e0404310c106e2a260e8eb5a7e43f00cff42c667489d30e179816,31363932303832383030303030,60,,,
1f32a62d737697fbf8a15d9e197b7597e39f54d2b2a7a8cee9af45a34b52414b454e,1f32a62d737697fbf8a15d9e197b7597e39f54d2b2a7a8cee9af45a3,4b52414b454e,666000000000,,,
e4214b7cce62ac6fbba385d164df48e157eae5863521b4b67ca71d866c81527fb72474c3491077757edaffdafd8b26e836380b6ab4708e28744e391f,e4214b7cce62ac6fbba385d164df48e157eae5863521b4b67ca71d86,6c81527fb72474c3491077757edaffdafd8b26e836380b6ab4708e28744e391f,464151,,,
e4214b7cce62ac6fbba385d164df48e157eae5863521b4b67ca71d86ff24330f3ed45bd1285212d74688b05176982f75052df56a37d69acaeb7b3184,e4214b7cce62ac6fbba385d164df48e157eae5863521b4b67ca71d86,ff24330f3ed45bd1285212d74688b05176982f75052df56a37d69acaeb7b3184,10048472326,,,
e4eccb64afa35ff73656461293a15a572f4ecce6397c223dc370ac504672656e6368696573,e4eccb64afa35ff73656461293a15a572f4ecce6397c223dc370ac50,4672656e6368696573,88888888888,,,
